{
  "projectname": "%E4%BA%8C%E6%89%8B%E7%89%A9%E5%93%81%E9%97%B2%E7%BD%AE%E4%BA%A4%E6%98%93%E5%B0%8F%E7%A8%8B%E5%BA%8F",
  "setting": {
    "compileHotReLoad": true
  },
  "description": "项目私有配置文件。此文件中的内容将覆盖 project.config.json 中的相同字段。项目的改动优先同步到此文件中。详见文档：https://developers.weixin.qq.com/miniprogram/dev/devtools/projectconfig.html",
  "condition": {
    "miniprogram": {
      "list": [
        {
          "name": "",
          "pathName": "pages/account/accountinfo",
          "query": "",
          "launchMode": "default",
          "scene": null
        }
      ]
    }
  }
}